{"counts": [4, 12, 24, 43, 58, 48, 33, 13, 13, 2], "bins": [274.09378114433684, 279.3677035508312, 284.6416259573256, 289.91554836381994, 295.1894707703143, 300.46339317680867, 305.73731558330303, 311.0112379897974, 316.28516039629176, 321.5590828027861, 326.8330052092805]}