{"x": [0, 1, 2, 3, 4, 5, 6, 7, 8, 9], "y": [1.318683096, 1.110396331, 0.301139947, 0.223547, 0.190010647, 0.169270617, 0.150448339, 0.135031164, 0.127467972, 0.108700891]}